"DEP","REG","CHEFLIEU","TNCC","NCC","NCCENR","LIBELLE"
"01","84","01053","5","AIN","Ain","Ain"
"02","32","02408","5","AISNE","Aisne","Aisne"
"03","84","03190","5","ALLIER","Allier","Allier"
"04","93","04070","4","ALPES DE HAUTE PROVENCE","Alpes-de-Haute-Provence","Alpes-de-Haute-Provence"
"05","93","05061","4","HAUTES ALPES","Hautes-Alpes","Hautes-Alpes"
"06","93","06088","4","ALPES MARITIMES","Alpes-Maritimes","Alpes-Maritimes"
"07","84","07186","5","ARDECHE","Ardèche","Ardèche"
"08","44","08105","4","ARDENNES","Ardennes","Ardennes"
"09","76","09122","5","ARIEGE","Ariège","Ariège"
"10","44","10387","5","AUBE","Aube","Aube"
"11","76","11069","5","AUDE","Aude","Aude"
"12","76","12202","5","AVEYRON","Aveyron","Aveyron"
"13","93","13055","4","BOUCHES DU RHONE","Bouches-du-Rhône","Bouches-du-Rhône"
"14","28","14118","2","CALVADOS","Calvados","Calvados"
"15","84","15014","2","CANTAL","Cantal","Cantal"
"16","75","16015","3","CHARENTE","Charente","Charente"
"17","75","17300","3","CHARENTE MARITIME","Charente-Maritime","Charente-Maritime"
"18","24","18033","2","CHER","Cher","Cher"
"19","75","19272","3","CORREZE","Corrèze","Corrèze"
"21","27","21231","3","COTE D OR","Côte-d'Or","Côte-d'Or"
"22","53","22278","4","COTES D ARMOR","Côtes-d'Armor","Côtes-d'Armor"
"23","75","23096","3","CREUSE","Creuse","Creuse"
"24","75","24322","3","DORDOGNE","Dordogne","Dordogne"
"25","27","25056","2","DOUBS","Doubs","Doubs"
"26","84","26362","3","DROME","Drôme","Drôme"
"27","28","27229","5","EURE","Eure","Eure"
"28","24","28085","1","EURE ET LOIR","Eure-et-Loir","Eure-et-Loir"
"29","53","29232","2","FINISTERE","Finistère","Finistère"
"2A","94","2A004","3","CORSE DU SUD","Corse-du-Sud","Corse-du-Sud"
"2B","94","2B033","3","HAUTE CORSE","Haute-Corse","Haute-Corse"
"30","76","30189","2","GARD","Gard","Gard"
"31","76","31555","3","HAUTE GARONNE","Haute-Garonne","Haute-Garonne"
"32","76","32013","2","GERS","Gers","Gers"
"33","75","33063","3","GIRONDE","Gironde","Gironde"
"34","76","34172","5","HERAULT","Hérault","Hérault"
"35","53","35238","1","ILLE ET VILAINE","Ille-et-Vilaine","Ille-et-Vilaine"
"36","24","36044","5","INDRE","Indre","Indre"
"37","24","37261","1","INDRE ET LOIRE","Indre-et-Loire","Indre-et-Loire"
"38","84","38185","5","ISERE","Isère","Isère"
"39","27","39300","2","JURA","Jura","Jura"
"40","75","40192","4","LANDES","Landes","Landes"
"41","24","41018","2","LOIR ET CHER","Loir-et-Cher","Loir-et-Cher"
"42","84","42218","3","LOIRE","Loire","Loire"
"43","84","43157","3","HAUTE LOIRE","Haute-Loire","Haute-Loire"
"44","52","44109","3","LOIRE ATLANTIQUE","Loire-Atlantique","Loire-Atlantique"
"45","24","45234","2","LOIRET","Loiret","Loiret"
"46","76","46042","2","LOT","Lot","Lot"
"47","75","47001","2","LOT ET GARONNE","Lot-et-Garonne","Lot-et-Garonne"
"48","76","48095","3","LOZERE","Lozère","Lozère"
"49","52","49007","0","MAINE ET LOIRE","Maine-et-Loire","Maine-et-Loire"
"50","28","50502","3","MANCHE","Manche","Manche"
"51","44","51108","3","MARNE","Marne","Marne"
"52","44","52121","3","HAUTE MARNE","Haute-Marne","Haute-Marne"
"53","52","53130","3","MAYENNE","Mayenne","Mayenne"
"54","44","54395","0","MEURTHE ET MOSELLE","Meurthe-et-Moselle","Meurthe-et-Moselle"
"55","44","55029","3","MEUSE","Meuse","Meuse"
"56","53","56260","2","MORBIHAN","Morbihan","Morbihan"
"57","44","57463","3","MOSELLE","Moselle","Moselle"
"58","27","58194","3","NIEVRE","Nièvre","Nièvre"
"59","32","59350","2","NORD","Nord","Nord"
"60","32","60057","5","OISE","Oise","Oise"
"61","28","61001","5","ORNE","Orne","Orne"
"62","32","62041","2","PAS DE CALAIS","Pas-de-Calais","Pas-de-Calais"
"63","84","63113","2","PUY DE DOME","Puy-de-Dôme","Puy-de-Dôme"
"64","75","64445","4","PYRENEES ATLANTIQUES","Pyrénées-Atlantiques","Pyrénées-Atlantiques"
"65","76","65440","4","HAUTES PYRENEES","Hautes-Pyrénées","Hautes-Pyrénées"
"66","76","66136","4","PYRENEES ORIENTALES","Pyrénées-Orientales","Pyrénées-Orientales"
"67","44","67482","2","BAS RHIN","Bas-Rhin","Bas-Rhin"
"68","44","68066","2","HAUT RHIN","Haut-Rhin","Haut-Rhin"
"69","84","69123","2","RHONE","Rhône","Rhône"
"70","27","70550","3","HAUTE SAONE","Haute-Saône","Haute-Saône"
"71","27","71270","0","SAONE ET LOIRE","Saône-et-Loire","Saône-et-Loire"
"72","52","72181","3","SARTHE","Sarthe","Sarthe"
"73","84","73065","3","SAVOIE","Savoie","Savoie"
"74","84","74010","3","HAUTE SAVOIE","Haute-Savoie","Haute-Savoie"
"75","11","75056","0","PARIS","Paris","Paris"
"76","28","76540","3","SEINE MARITIME","Seine-Maritime","Seine-Maritime"
"77","11","77288","0","SEINE ET MARNE","Seine-et-Marne","Seine-et-Marne"
"78","11","78646","4","YVELINES","Yvelines","Yvelines"
"79","75","79191","4","DEUX SEVRES","Deux-Sèvres","Deux-Sèvres"
"80","32","80021","3","SOMME","Somme","Somme"
"81","76","81004","2","TARN","Tarn","Tarn"
"82","76","82121","2","TARN ET GARONNE","Tarn-et-Garonne","Tarn-et-Garonne"
"83","93","83137","2","VAR","Var","Var"
"84","93","84007","2","VAUCLUSE","Vaucluse","Vaucluse"
"85","52","85191","3","VENDEE","Vendée","Vendée"
"86","75","86194","3","VIENNE","Vienne","Vienne"
"87","75","87085","3","HAUTE VIENNE","Haute-Vienne","Haute-Vienne"
"88","44","88160","4","VOSGES","Vosges","Vosges"
"89","27","89024","5","YONNE","Yonne","Yonne"
"90","27","90010","2","TERRITOIRE DE BELFORT","Territoire de Belfort","Territoire de Belfort"
"91","11","91228","5","ESSONNE","Essonne","Essonne"
"92","11","92050","4","HAUTS DE SEINE","Hauts-de-Seine","Hauts-de-Seine"
"93","11","93008","3","SEINE SAINT DENIS","Seine-Saint-Denis","Seine-Saint-Denis"
"94","11","94028","2","VAL DE MARNE","Val-de-Marne","Val-de-Marne"
"95","11","95500","2","VAL D OISE","Val-d'Oise","Val-d'Oise"
"971","01","97105","3","GUADELOUPE","Guadeloupe","Guadeloupe"
"972","02","97209","3","MARTINIQUE","Martinique","Martinique"
"973","03","97302","3","GUYANE","Guyane","Guyane"
"974","04","97411","0","LA REUNION","La Réunion","La Réunion"
"976","06","97611","0","MAYOTTE","Mayotte","Mayotte"
